{
    "loss": 0.7214624881744385,
    "accuracy": 0.931034505367279
}